Suggestions	Upvotes	Downvotes
Lors des journ√©es L&D, puisque l'on mange d√©j√† quotidiennement tous ensemble, on pourrait mettre le budget du d√©jeuner dans l'activit√©.	30	18
Hello tout le monde !	21	4
Cr√©er un tableau r√©capitulatif avec les questions (et r√©ponses) r√©currentes des clients pour savoir quoi r√©pondre. Se baser sur les questions qui reviennent souvent.	21	1
Ouvrir le partenariat avec les RSM des autres pays et nous envoyer √† l'international ü•π	4	2
D√©velopper s√©rieusement le Chatbot ACL	2	2
Cr√©er des fausses identit√©s (PP et PM) pour demander des d√©mos √† nos concurrents sur leurs offres (par ex d√©mos offres Sapin II) --> nous permet de nous positionner un peu mieux par rapport √† la concu : l√† o√π on est en avance = ce sur quoi on doit capitaliser, l√† o√π on est en retard = ce sur quoi on doit travailler et les prix	1	0
Il faut publi√© plus sur LinkedIn et site internet RSM et autre pour montrer ce qu'on sait faire, et rapporter des missions DATA !!	0	0
Faire un autre dej dejeunatoire ou chacun ram√®ne quelque chose de sa r√©gion de naissance !! Trouver une date apr√®s le ramadan.	0	0
Installer un note taker pour ceux qui veulent, utile pour prendre des notes et faire des CR	0	0
